model_name,mean_acc,mean_auc,mean_spec,mean_sens,mean_pre,mean_f1,std_acc,std_auc,std_spec,std_sens,std_pre,std_f1
RF,0.872173913043478,0.9121485867074103,0.9589915966386554,0.6045454545454545,0.827922077922078,0.6957030256801423,0.026179117933593527,0.04325577983537906,0.014549225618708674,0.09917011013305196,0.060489025835969476,0.07927403955677347
AdaBoost,0.8809661835748791,0.8599325184619303,0.9001680672268908,0.8196969696969697,0.7462860015801193,0.773152709359606,0.029887105058078088,0.039389933556753104,0.05151308484018539,0.10100505037878156,0.08763952806930392,0.052675740855565714
J48-DT,0.8899516908212559,0.8659829386299975,0.9122689075630251,0.8196969696969697,0.7605380730380731,0.7839676265763222,0.01926173649372306,0.04118022429964362,0.03223475083006219,0.10100505037878156,0.04275788310306864,0.046180176992078145
