params,accuracy,roc_auc,sensitivity,specificity,precision,f1_score,weight_sum
"{'max_depth': 40, 'max_features': 'log2', 'min_samples_leaf': 1, 'min_samples_split': 2, 'n_estimators': 400}",0.7659903381642512,0.7951954418130889,0.484848484848485,0.8589915966386554,0.7228985507246376,0.5084766214177979,0.7776723796237863
"{'max_depth': 30, 'max_features': 'log2', 'min_samples_leaf': 1, 'min_samples_split': 2, 'n_estimators': 400}",0.7659903381642512,0.7949280621339445,0.484848484848485,0.8589915966386554,0.7228985507246376,0.5084766214177979,0.7775654277521284
"{'max_depth': 20, 'max_features': 'log2', 'min_samples_leaf': 1, 'min_samples_split': 2, 'n_estimators': 400}",0.7659903381642512,0.7925490196078432,0.484848484848485,0.8589915966386554,0.7228985507246376,0.5084766214177979,0.776613810741688
