model_name,mean_acc,mean_auc,mean_spec,mean_sens,mean_pre,mean_f1,std_acc,std_auc,std_spec,std_sens,std_pre,std_f1
FURIA,0.9384759349431911,0.7617228083265062,0.9897147332838652,0.5037537537537539,0.8511483431391899,0.6298487570384783,0.009689441690463823,0.025662828293459925,0.003155524683037182,0.08113667318982762,0.04510178902678849,0.07022063865887149
RF,0.9402000728742257,0.9066626444339467,0.9839351966361614,0.5690690690690691,0.807047619047619,0.6647120537971484,0.005820176934985335,0.034695927682732754,0.002862218363076801,0.06945966069802027,0.0181462938877174,0.04720147439262928
BLR,0.9373248534234323,0.8928846412266831,0.98071976255256,0.5690690690690691,0.7774040404040404,0.6544639367254501,0.007096685469900265,0.023533331666453793,0.004547377757354764,0.07187629816757614,0.03952265426283506,0.04907647175544501
