,precision,recall,f1-score,support,sensitivity,specificity,f1_score
stable,0.9811320754716981,0.9122807017543859,0.9454545454545454,171.0,,,
unstable,0.7794117647058824,0.9464285714285714,0.8548387096774193,56.0,,,
accuracy,0.920704845814978,0.920704845814978,0.920704845814978,0.920704845814978,0.920704845814978,0.920704845814978,0.920704845814978
macro avg,0.7794117647058824,0.9293546365914787,0.9001466275659824,227.0,0.9464285714285714,0.9122807017543859,0.8548387096774193
weighted avg,0.9313684745779287,0.920704845814978,0.9230999780381619,227.0,,,
AUROC,0.9580722639933166,0.9580722639933166,0.9580722639933166,0.9580722639933166,0.9580722639933166,0.9580722639933166,0.9580722639933166
