,precision,recall,f1-score,support,sensitivity,specificity,f1_score
nontoxic,0.9659163987138264,0.9652956298200515,0.9656059144969464,1556.0,,,
toxic,0.7065217391304348,0.7103825136612022,0.7084468664850136,183.0,,,
accuracy,0.9384703852788959,0.9384703852788959,0.9384703852788959,0.9384703852788959,0.9384703852788959,0.9384703852788959,0.9384703852788959
macro avg,0.7065217391304348,0.8378390717406268,0.83702639049098,1739.0,0.7103825136612022,0.9652956298200515,0.7084468664850136
weighted avg,0.9386195483953902,0.9384703852788959,0.9385443240506073,1739.0,,,
AUROC,0.970631927177715,0.970631927177715,0.970631927177715,0.970631927177715,0.970631927177715,0.970631927177715,0.970631927177715
